{"cameraMode":{"drawMode":0,"name":"Shaded","section":"Shading Mode"},"sceneLighting":true,"audioPlay":false,"sceneViewState":{"showFog":true,"showMaterialUpdate":false,"showSkybox":true,"showFlares":true,"showImageEffects":true,"showParticleSystems":true},"in2DMode":false,"pivot":{"x":16.154281616210939,"y":-7.548722267150879,"z":46.50142288208008},"rotation":{"x":-0.113289013504982,"y":-0.11538185179233551,"z":0.013247141614556313,"w":-0.9867523908615112},"size":60.530216217041019,"orthographic":false}